Virtusa Consulting Services Private Limioted,React Native Developer,React Native,Bangalore,4-7,"['React Native', 'Android', 'iOS']",23-11-2023
Zongovita Tech,React Native Developer,React Native,Pune,5-12,"['React Native', 'Mobile App Designing']",22-11-2023
Robosoft Technologies,React Native Developer,React Native,Bangalore,4-8,"['React Native', 'Mobile App Designing', 'Javascript']",15-11-2023
Itilite Technologies Private Limited,React Native Lead,React Native,Others,5-9,"['React Native', 'iOS', 'Android']",10-11-2023
Robosoft Technologies,React Native Developer,React Native,Gurgaon/Gurugram,3-5,"['React Native', 'Mobile App Designing', 'Android']",26-10-2023
Dtwelve Spaces Pvt Ltd,Frontend Developer,React Native,Anywhere in India/Multiple Locations,2-4,"['React Native', 'React.js', 'TypeScript']",21-11-2023
Nagarro,Staff/Senior Staff Engineer,React Native,Bangalore,6-11,"['React Native', 'Mobile App Designing', 'Mobile UI']",22-11-2023
Robosoft Technologies,React Native Lead/Architect,React Native,Bangalore,6-15,[],16-11-2023
Trendlyne,Senior/Lead Mobile App Developer,React Native,Anywhere in India/Multiple Locations,2-8,"['React Native', 'Android', 'iOS']",05-11-2023
Eclat Engineering Pvt Ltd,React Native Developer,React Native,Bangalore,3-6,"['React Native', 'Mobile App Designing', 'iOS']",23-11-2023
LeagueX Gaming Private Limited,React Native Developer,React Native,Delhi,1-3,"['React Native', 'iOS', 'Android']",23-11-2023
Astria Digital Pvt.Ltd,Senior React Native Developer,React Native,Gurgaon/Gurugram,5-8,"['React Native', 'Mobile App Designing', 'iOS']",23-11-2023
Greentech ITS,React Native Developer,React Native,Chennai,2-5,"['React Native', 'Mobile App Designing', 'Android']",21-11-2023
Common Ground Placement Solutions Private Limited,React Native Mobile Developer,React Native,Anywhere in India/Multiple Locations,5-8,"['React Native', 'Android', 'iOS']",20-11-2023
Annex India,React Native Developer,React Native,Delhi,1-12,"['React Native', 'iOS', 'Android']",20-11-2023
Amura Health,Lead React Native Developer,React Native,Others,5-10,"['React Native', 'Mobile App Designing', 'Mobile UI']",20-11-2023
A1 technology pvt ltd,React Native Developer,React.js,Delhi,4-7,"['React Native', 'BLE', 'MQTT Protocols']",19-11-2023
Hash Studioz,React.js Developer,React Native,Anywhere in India/Multiple Locations,3-5,"['React.js', 'Javascript', 'jQuery']",22-11-2023
ATS India,React Native Developer,React Native,Jaipur,1-15,"['React Native', 'iOS', 'Android']",18-11-2023
sGate Tech Solutions Pvt. Ltd.,React Native Developer,React Native,Gurgaon/Gurugram,2-4,"['React Native', 'iOS', 'Android']",18-11-2023
Nadcab Technology,React Native Developer,Mobile App Designing,Bangalore,3-4,"['React Native', 'Mobile App Designing', 'Mobile App Architecture']",23-11-2023
Empower School of health,Mobile App Developer,Mobile App Designing,Gurgaon/Gurugram,2-4,"['Mobile App Designing', 'Ionic', 'React Native']",22-11-2023
Aricent,Mobile App Developer,React Native,Anywhere in India/Multiple Locations,2-8,"['Mobile App Designing', 'Mobile App Architecture', 'Mobile Architecture']",20-11-2023
Invitas,React Native Developer,React Native,Hyderabad,3-7,"['React Native', 'Mobile App Designing', 'Javascript']",17-11-2023
Gurucool,React Native Developer,React Native,Bangalore,1-2,"['React Native', 'iOS', 'Mobile App Designing']",17-11-2023
Antal International India,React Native Mobile Developer,React Native,Bangalore,5-8,"['React Native', 'Mobile App Designing', 'iOS']",17-11-2023
Zethic Technologies,React Native Developer,React Native,Coimbatore,3-6,"['React Native', 'Application Architecture', 'Javascript']",16-11-2023
VVDN Technologies Pvt Ltd,React Native Developer,React Native,Bangalore,4-7,"['React Native', 'Mobile App Architecture', 'iOS']",16-11-2023
PRILOR IT Solutions Pvt Ltd,Senior React Native Developer,React Native,Hyderabad,5-15,"['React Native', 'Mobile App Designing']",14-11-2023
Test Triangle,React Native Developer,React Native,Mumbai,4-10,"['React Native', 'ES6', 'Javascript']",15-11-2023
Navtech (Navaratan Technologies Pvt. Ltd),React Native Developer,Full Stack,Bangalore,1-3,"['React Native', 'Javascript', 'React.js']",14-11-2023
ATS India,MERN/Full Stack Developer,Java,Chandigarh,1-15,"['Full Stack', 'MERN Stack', 'React.js']",17-11-2023
Wenger & Watson Inc.,Senior/Lead Full Stack Developer,Full Stack,Bangalore,7-15,"['Java', 'React.js']",15-11-2023
Wenger & Watson Inc.,Full Stack Developer,React Native,Anywhere in India/Multiple Locations,4-7,"['Full Stack', 'React.js', 'Spring Boot']",15-11-2023
AINTIRAM WEB TECH PRIVATE LIMITED,Mobile App Developer,Android,Gurgaon/Gurugram,2-10,"['React Native', 'Mobile App Designing', 'Mobile UI']",14-11-2023
Tiluf,Software Development Engineer III,Android,Surat,3-7,"['Android', 'React Native', 'Native Apps']",10-11-2023
Dev Rabbit IT Solutions,null,React Native,Ahmedabad,1-3,"['Android', 'iOS', 'Mobile App Designing']",09-11-2023
D-TechWorks Pvt. ltd,React Native Developer,React Native,Gurgaon/Gurugram,3-6,"['React Native', 'Redux', 'Mobile App Designing']",09-11-2023
Zongovita Tech,React Native Developer,React Native,Gurgaon/Gurugram,2-5,"['React Native', 'Javascript', 'Mobile App Designing']",09-11-2023
Macrew Technologies,React Native Developer,React Native,Bangalore,1-3,"['React Native', 'iOS', 'Android']",09-11-2023
Credit Nirvana,React Native Developer,React Native,Delhi,7-10,"['React Native', 'Android', 'iOS']",07-11-2023
Lateral HR,React Native Developer,React Native,Ahmedabad,2-6,"['React Native', 'Mobile App Designing', 'Android']",07-11-2023
Studio Graphene Private Limited,Mobile Engineer,React Native,Bangalore,3-6,"['React Native', 'iOS', 'Mobile App Designing']",07-11-2023
P99SOFT PRIVATE LIMITED,P99Soft,React Native,Bangalore,4-14,"['React Native', 'Mobile App Designing', 'Mobile App Architecture']",06-11-2023
Kodehash Technologies Pvt Ltd,React Native Developer,React Native,Bangalore,2-3,"['React Native', 'Mobile App Designing', 'iOS']",02-11-2023
Sridix Technology,React Native Developer,React Native,Metros,0-2,"['React Native', 'Mobile App Designing', 'Android']",02-11-2023
Teknowledge Software,Teknowledge Software,React Native,Pune,2-4,"['React Native', 'Javascript', 'TypeScript']",02-11-2023
POPPINS TECHNOLOGIES PRIVATE LIMITED,React Native Developer,React Native,Gurgaon/Gurugram,3-4,"['React Native', 'Mobile App Designing', 'Android']",30-10-2023
Grorapid labs,React Native Developer,React Native,Hyderabad,2-4,"['React Native', 'Mobile App Designing', 'Android']",30-10-2023
THIRE GLOBAL SERVICES PRIVATE LIMITED,React Native Lead,React Native,Anywhere in India/Multiple Locations,8-15,"['React Native', 'Javascript', 'Mobile UI']",28-10-2023
Wings Inc,React Native Developer,React Native,Anywhere in India/Multiple Locations,5-7,"['React Native', 'Mobile App Designing', 'Mobile App Architecture']",27-10-2023
Baazi Games,React Native Developer,React.js,Bangalore,5-7,"['React Native', 'Native Apps', 'Android']",26-10-2023
ashutec solutions pvt. ltd.,React.js Developer,.Net Core,Anywhere in India/Multiple Locations,4-5,"['React.js', 'Javascript', 'Redux']",31-10-2023
Sampoorna Consultants Pvt. Ltd,Software Professional,React Native,Hyderabad,5-7,"['.Net Core', 'AngularJS', '.Net']",01-11-2023
Jobsforher,Senior Mobile Application Developer,React Native,MP,5-10,"['React Native', 'Mobile App Designing', 'iOS']",07-11-2023
Perfomatix Solutions Pvt Ltd.,Technical Lead,.Net,Bangalore,6-10,"['React Native', 'TypeScript', 'Mobile App Designing']",06-11-2023
iAastha technologies,React Native Developer,React Native,Udaipur,1-5,[],05-11-2023
Cloud Hire,.Net Developer,React Native,Anywhere in India/Multiple Locations,5-8,"['.Net', 'Entity Framework', 'ORM']",26-10-2023
WEKAN ENTERPRISE SOLUTIONS INDIA PRIVATE LIMITED,Software Development Engineer II,Mobile App Designing,Bangalore,5-14,"['React Native', 'iOS', 'Android']",02-11-2023
Freecharge,Lead Software Development Engineer,React.js,Noida,6-9,"['React Native', 'Mobile UI', 'iOS']",07-09-2023
CASHe,React Native Developer,React Native,Udaipur,2-5,"['Mobile App Designing', 'Mobile App Architecture', 'iOS']",29-08-2023
Awign,React Developer,React Native,Gurgaon/Gurugram,3-7,"['React.js', 'Javascript', 'Wordpress']",12-10-2023
Marktine Technology Solutions,React Native Developer,React Native,Anywhere in India/Multiple Locations,5-8,"['React Native', 'Javascript', 'Mobile App Designing']",25-10-2023
Edgeverve,React Native Developer,React Native,Others,4-6,"['React Native', 'Javascript', 'Mobile App Designing']",25-10-2023
MyrCloud,null,React Native,Navi Mumbai,5-8,"['React Native', 'Javascript', 'Android Studio']",17-10-2023
TekSkills,React Native Developer,React Native,Bhubaneshwar,10-12,"['React Native', 'iOS', 'Android']",21-10-2023
foxconsultings,React Native Developer,React Native,Anywhere in India/Multiple Locations,4-8,"['React Native', 'Android', 'iOS']",17-10-2023
Areteminds Technologies,React Native Developer,React Native,Delhi NCR,5-8,"['React Native', 'Redux', 'iOS']",16-10-2023
Kadel Labs Private Limited,React Native Developer,Android Studio,Vadodara/Baroda,5-7,"['React Native', 'Android', 'iOS']",14-10-2023
P99SOFT PVT LTD,React Native Developer,Mobile App Designing,Hyderabad,5-10,"['React Native', 'Mobile App Designing']",13-10-2023
Forward Eye Technology,React Native Developer,React Native,Bangalore,5-8,"['Android Studio', 'React Native', 'Android']",14-10-2023
Robosoft Technologies,React Native & Android Lead,React Native,Bangalore,8-10,"['Mobile App Designing', 'React Native', 'Android']",18-10-2023
Eppeok Solutions Private Limited,React Native Developer,React Native,Anywhere in India/Multiple Locations,3-4,"['React Native', 'Mobile App Designing', 'Javascript']",13-10-2023
Kadel Labs,React Native Developer,UI,Bangalore,4-5,"['React Native', 'Android', 'iOS']",10-10-2023
Kadel Labs Private Limited,Senior Software Engineer,React Native,Pune,3-8,['React Native'],17-10-2023
Shorthills Tech Pvt Ltd,Senior React Developer,React Native,Gurgaon/Gurugram,6-12,"['UI', 'Frontend Architecture', 'React.js']",10-10-2023
Patch Infotech Private Limited,React Native Developer,iOS,Chennai,8-12,"['React Native', 'Mobile App Designing', 'Mobile App Architecture']",09-10-2023
Dianapps Technologies Private Limited,Senior React Native Developer,React Native,Chennai,4-8,"['React Native', 'Mobile App Designing', 'Redux']",11-10-2023
Spurtree technologies,React Native Lead,React Native,Gurgaon/Gurugram,9-14,"['iOS', 'Mobile App Designing', 'Mobile App Architecture']",09-10-2023
Arting Digital,React Native Developer,React Native,Anywhere in India/Multiple Locations,1-3,"['React Native', 'Javascript', 'Redux']",04-10-2023
Mindque India Pvt Ltd,React Native Developer,React Native,Anywhere in India/Multiple Locations,1-3,"['React Native', 'Mobile App Designing', 'Mobile App Integration']",03-10-2023
RHA Technologies Private Limited,Senior React Native Developer,iOS,Bangalore,7-8,"['React Native', 'Native Apps', 'Android']",05-10-2023
