Comapay,Position,Primary Skill,Location,Experience,Other Skills,Date
Intelli Swift,Python Architect,Python,Mumbai,10-15,"['Python', 'Python Architect', 'Django']",11-12-2023
MPOWER INTERNATIONAL STUDENT SERVICES LLP,Backend Developer,Python,Bangalore,5-8,"['Python', 'Django', 'Flask']",15-12-2023
Trendlyne,Software Engineer/Senior Engineer,Python,Bangalore,2-8,"['Python', 'Django']",15-12-2023
SAMSUNG ELECTRO MECHANICS SOFTWARE INDIA BANGALORE,Python Django Developer,Python,Bangalore,3-8,[],05-12-2023
KreditBee,Senior Software Engineer/Python Backend Developer,Golang,Bangalore,2-7,"['Python', 'Flask', 'Django']",04-12-2023
Redbus,Senior Software Engineer,Data Structure,Bangalore,2-5,"['Golang', 'Python', 'SQL']",07-12-2023
HealthifyMe,Senior Backend Developer,SQL,Bangalore,6-8,"['Data Structure', 'Algorithm', 'Python']",09-12-2023
Gametion Technologies,Game Data Analyst,Cloud,Navi Mumbai,3-5,"['SQL', 'Data Analyst', 'Data Analytics']",04-12-2023
Luxoft,Cloud Engineer,Artificial Intelligence,Hyderabad,6-10,"['Cloud', 'Python', 'OpenShift']",01-12-2023
IBM,AI Engineer,Python,Bangalore,1-10,"['Artificial Intelligence', 'NLP', 'Python']",30-11-2023
Expedient Healthcare Marketing Pvt. Ltd.,Data Scientist,Machine Learning,Gurgaon/Gurugram,2-4,"['Python', 'SQL', 'Machine Learning']",29-11-2023
FabHotels,Machine Learning Engineer,Python,Gurgaon/Gurugram,3-5,"['Machine Learning', 'Artificial Intelligence', 'Python']",23-11-2023
Finoit Technologies,Python Engineer,Django,Anywhere in India/Multiple Locations,2-5,"['Python', 'Django', 'MySQL']",06-12-2023
Finoit,Python Engineer,Python,Noida,2-5,"['Django', 'Design Patterns', 'OOPS']",05-12-2023
Ernst and Young Services Pvt. Ltd,Python Developer,Python,Bangalore,5-7,"['Python', 'Java', 'Artificial Intelligence']",06-12-2023
MyOperator.co,Senior Python Developer,Python,Anywhere in India/Multiple Locations,5-9,"['Python', 'Backend Architecture', 'Django']",07-12-2023
Finoit Technologies,Python Engineer,Python,Anywhere in India/Multiple Locations,2-5,"['Python', 'Django', 'MySQL']",30-11-2023
HCL Technologies,Python Developer,Machine Learning,Any Location,3-6,"['Python', 'Django', 'Flask']",30-11-2023
Minions Ventures Pvt Ltd,Python Developer,Full Stack,Bangalore,4-6,"['Machine Learning', 'Data Science', 'Python']",17-11-2023
Trendlyne,Lead Full Stack Engineer,Python,Bangalore,4-12,"['Full Stack', 'Python', 'Django']",15-12-2023
LenDenClub,Machine Learning Engineer,Machine Learning,Mumbai,3-6,"['Python', 'Deep Learning', 'Machine Learning']",14-12-2023
LenDenClub,Machine Learning Engineer,AWS,Mumbai,3-6,"['Machine Learning', 'Python', 'Deep Learning']",12-12-2023
exponentia,AWS Data Engineer,Product Analyst,Mumbai,2-4,"['AWS', 'Python', 'Spark']",11-12-2023
inFeedo,Product Analyst,Big Data Architect,Anywhere in India/Multiple Locations,2-4,"['Product Analyst', 'Product Management', 'Python']",06-12-2023
Robosoft Technologies,Big Data Architect,Data Analyst,Anywhere in India/Multiple Locations,10-15,"['Big Data Architect', 'Kafka', 'HDFS']",09-12-2023
Robosoft Technologies,Senior Data Analyst,Data Analyst,Trivandrum/Thiruvananthapuram,5-10,"['Data Analyst', 'SQL', 'Python']",07-12-2023
Chalo,Senior Data Analyst,Data Analyst,Anywhere in India/Multiple Locations,10-16,"['Data Analyst', 'Data Visualization Tools', 'SQL']",07-12-2023
Robosoft Technologies,Senior Data Analyst,Python,Gurgaon/Gurugram,5-10,"['Data Analyst', 'SQL', 'Python']",07-12-2023
Wheelseye,Senior Business/Product Analyst,Backend Architecture,Gurgaon/Gurugram,2-5,"['Python', 'SQL', 'Product Analyst']",05-12-2023
Trademo,Backend Engineer/Senior Backend Engineer,Python,Bangalore,2-6,"['Backend Architecture', 'Python', 'Django']",08-12-2023
Minions Ventures Pvt Ltd,Software Development Engineer II,Python,Bangalore,4-5,"['Python', 'Microservices Architecture', 'Machine Learning']",04-12-2023
Robosoft Technologies,Senior Data Analyst,Python,Gurgaon/Gurugram,5-10,"['Python', 'SQL', 'Data Analytics']",01-12-2023
CoverStack Technologies,Senior Backend Developer,Data Analyst,Gurgaon/Gurugram,5-10,"['Python', 'Django', 'SQL']",29-11-2023
Robosoft Technologies,Senior Data Analyst,Data Analytics,Bangalore,10-15,"['Data Analyst', 'SQL', 'Python']",29-11-2023
Beato,Data Analyst/Senior Data Analyst,Python,Chennai,0-6,"['Data Analytics', 'Data Analyst', 'Machine Learning']",27-11-2023
Trademo,Senior Backend Engineer,MySQL,Gurgaon/Gurugram,2-6,"['Python', 'Django', 'ElasticSearch']",22-11-2023
AppsforBharat,Product Analyst,Python,Bangalore,1-5,"['MySQL', 'Product Analyst', 'SQL']",22-11-2023
M2P Fintech,Data Engineer,Python,Bangalore,1-4,"['Python', 'Big Data', 'Scala']",17-11-2023
Secret Technologies India (VMS Group),Python Developer,Python,Anywhere in India/Multiple Locations,0-4,[],16-12-2023
Dotflick Solutions,Python Developer,Python,Bangalore,2-10,"['Python', 'Django', 'Flask']",16-12-2023
Devkraft Technologies,Python Developer,Python,Bangalore,3-8,"['Python', 'Django', 'Flask']",16-12-2023
Invitas,Python/Golang/Flask Developer,Python,Bangalore,4-8,"['Python', 'Golang', 'Flask']",16-12-2023
Wits Innovation Lab,Python Developer,Python,Pune,3-7,"['Python', 'Django']",14-12-2023
Deqode,Python Developer,Python,Pune,2-4,"['Python', 'Backend Architecture', 'Django']",14-12-2023
MP,Python Developer,Python,Bangalore,3-6,[],14-12-2023
GM WARE,Python/Django Developer,Python,Bangalore,1-3,"['Python', 'Django', 'Full Stack']",15-12-2023
Netzary Infodynamics,Python Developer,Python,Anywhere in India/Multiple Locations,0-2,"['Python', 'Django', 'PostgreSQL']",13-12-2023
Wits Innovation Lab,Python Developer,Python,Rajkot,4-8,"['Python', 'System Design']",13-12-2023
Wits Innovation Lab,Python Developer,Python,Anywhere in India/Multiple Locations,3-5,"['Python', 'Django', 'PostgreSQL']",13-12-2023
Macropace technologies,Python Developer,Azure,Bangalore,5-8,"['Python', 'Data Structure', 'Flask']",13-12-2023
Simform,Python Developer,Python,Bangalore,4-8,"['Python', 'Django', 'Flask']",13-12-2023
1Silverbullet Platforms Pvt. Ltd.,Python Developer,Python,Pune,4-8,"['Python', 'SQL', 'RDBMS']",13-12-2023
Mobile Programming Pvt LTd,Azure Data Engineer,Python,Mumbai,3-5,"['Azure', 'Data Management', 'Python']",13-12-2023
DriveX Mobility Private Limited,Python Developer,Python,Hyderabad,4-6,"['Python', 'Node.js', 'Javascript']",12-12-2023
Annex India,Python Developer,Python,Metros,0-7,"['Python', 'Django', 'Flask']",12-12-2023
Prefortune Technologies LLP,Python/Odoo Developer,Python,MP,0-1,"['Python', 'Odoo', 'BI Reporting']",13-12-2023
Annex India,Python Software Developer,Automation Testing,Gurgaon/Gurugram,1-5,"['Python', 'PySpark', 'Django']",13-12-2023
Shrenzo,Python Developer,Python,Bangalore,7-12,"['Python', 'RESTful API', 'Data Structure']",12-12-2023
Innover Digital,Senior Python Backend Developer,Python,Pune,5-10,"['Python', 'Azure', 'REST API']",13-12-2023
Mobile Programming Pvt LTd,Python Automation Lead,Python,Gurgaon/Gurugram,6-8,"['Automation Testing', 'Testing', 'Selenium']",12-12-2023
THIRE GLOBAL SERVICES PRIVATE LIMITED,Python & Machine Learning Engineer,Python,Gurgaon/Gurugram,2-4,"['Python', 'Machine Learning', 'Data Science']",12-12-2023
Macropace technologies,Python Developer,Python,Anywhere in India/Multiple Locations,5-10,"['Python', 'Flask', 'Data Structure']",11-12-2023
LiquiLoans,Lead Python Developer,Python,Anywhere in India/Multiple Locations,5-10,"['Python', 'Numpy', 'Pandas']",12-12-2023
Techolution,Python Developer,Python,Chennai,0-5,"['Python', 'Django', 'Flask']",11-12-2023
SGS IT Solutions,Python Developer,SQL,Bangalore,3-12,"['Python', 'Django', 'Flask']",11-12-2023
Deqode,Python Developer,Python,Bangalore,2-3,"['Python', 'AWS', 'Django']",11-12-2023
ORAHI - PHONON SOLUTIONS PRIVATE LIMITED,Python Developer,Node.js,Noida,0-1,"['Python', 'Internship']",11-12-2023
Mouri Tech (P) Ltd,SQL/Python Developer,Python,Bangalore,5-10,"['SQL', 'Python']",12-12-2023
ALP Consulting,Backend Developer,Python,Pune,3-8,"['Python', 'Django', 'Flask']",11-12-2023
Growel Softech Pvt. Ltd.,AWS Python Developer,Backend Architecture,Bangalore,5-7,"['Node.js', 'AWS', 'Python']",11-12-2023
Mobifly,Python Intern,Data Architect,Noida,0-1,"['Python', 'Django', 'Pandas']",10-12-2023
Mobifly,Python Developer,Java,Pune,2-5,"['Python', 'Flask', 'AWS']",10-12-2023
Mobifly,Python Developer,Snowflake DB,Anywhere in India/Multiple Locations,2-4,[],10-12-2023
Devkraft Technologies,Python/Django Developer,Python,Bangalore,3-8,[],16-12-2023
Orbiz.one,Senior Backend Developer,Full Stack,Hyderabad,4-11,"['Backend Architecture', 'Java', 'Ruby on Rails']",16-12-2023
Eucloid Data Solutions Pvt Ltd,Data Solution Architect,Python,Vishakhapatnam/Vizag,10-18,"['Data Architect', 'Solution Architect', 'Azure Databricks']",16-12-2023
Forward eye technologies,Java Developer,Python,Vishakhapatnam/Vizag,5-10,"['Java', 'Python', 'Spring Boot']",15-12-2023
WorkiFicient,Snowflake Developer/Data Engineer,Java,Anywhere in India/Multiple Locations,5-10,"['Snowflake DB', 'SQL', 'Python']",15-12-2023
GM WARE,Full Stack Developer,Full Stack,Bangalore,1-4,"['Python', 'Django', 'ORM']",15-12-2023
Indovision Services Pvt. Ltd,Full Stack Developer,Python,Pune,4-8,"['Full Stack', 'Python', '.Net']",15-12-2023
GM WARE,Team Leader,AWS,Pune,7-10,"['Python', 'Web Scraping', 'Data Mining']",15-12-2023
Link Success,Senior Staff Software Engineer,Azure,Anywhere in India/Multiple Locations,6-9,"['Python', 'Java', 'Golang']",15-12-2023
Forward Eye Technologies,Java Developer,Python,Jaipur,5-7,"['Java', 'Python', 'Spring Boot']",15-12-2023
Meetri Infotech,Senior Full Stack Developer,Backend Architecture,Anywhere in India/Multiple Locations,3-5,"['Full Stack', 'Python', 'React.js']",15-12-2023
Sumanel Technology Ventures Pvt Ltd,Engineering Manager,Backend Architecture,Bangalore,4-10,"['Python', 'Django', 'Engineering Management']",15-12-2023
Marktine Technology Solutions,AWS Data Engineer,Data Management,Bangalore,7-12,"['AWS', 'Data Pipeline', 'Python']",15-12-2023
WorkiFicient,Azure Developer/Data Engineer,Business Intelligence,Delhi NCR,5-10,"['Azure', 'SQL', 'Python']",15-12-2023
Xpheno,Senior Associate,Python,Gurgaon/Gurugram,5-7,"['Python', 'SQL', 'Tableau']",14-12-2023
Ventura Securities Ltd.,Backend Developer,API Integration,Mysore,3-4,"['Backend Architecture', 'Python', 'SQL']",14-12-2023
Machine Minds,Backend Developer,Data Migration,Bangalore,4-10,"['Backend Architecture', 'Python', 'GraphQL']",14-12-2023
Miracle Software Systems,Azure Data Engineer,Data Analytics,Bangalore,5-10,"['Data Management', 'Azure', 'Data Structure']",15-12-2023
Miracle Software Systems,BI Engineer/Senior Spotfire Developer,Artificial Intelligence,Bangalore,5-10,"['Business Intelligence', 'Spotfire', 'Python']",15-12-2023
Aptus Data Labs,Senior/Lead Data Engineer,Data Analytics,Bangalore,5-11,"['Python', 'SQL', 'ETL']",15-12-2023
Valuecoders India LLP,Full Stack Development,Python,Bangalore,6-15,[],15-12-2023
USET Technology,Senior API Developer,Machine Learning,Gurgaon/Gurugram,8-12,"['API Integration', 'Node.js', 'Python']",14-12-2023
Growel Softech Pvt. Ltd.,Data Migration Engineer,Python,Gurgaon/Gurugram,6-10,"['Data Migration', 'Python', 'SQL']",14-12-2023
SPCX Pvt Ltd,Data Analytics Specialist,Odoo,Bangalore,5-10,"['Data Analytics', 'Data Analyst', 'SQL']",14-12-2023
Seven N Half,Genrative AI Developer,Java,Gurgaon/Gurugram,2-8,"['Artificial Intelligence', 'Machine Learning', 'Generative AI']",14-12-2023
SPCX Pvt Ltd,Data Specialist,Python,Anywhere in India/Multiple Locations,5-8,"['Data Analytics', 'Data Visualization Tools', 'SQL']",14-12-2023
Ventura Securities Ltd.,Lead Backend Engineer,Automation Testing,Anywhere in India/Multiple Locations,7-10,"['Python', 'SQL', 'PostgreSQL']",14-12-2023
Neuralgo,Senior Machine Learning Engineer,Python,Bangalore,3-6,"['Machine Learning', 'LLM', 'Data Pipeline']",14-12-2023
HealthReflect,Full Stack Django Developer,Python,Greater Noida,2-5,[],14-12-2023
Dotflick Solutions,Software Developer,Python,Gurgaon/Gurugram,3-17,['Python'],13-12-2023
Brainvire Infotech Pvt.Ltd.,Senior Odoo Developer,Python,Pune,4-7,"['Odoo', 'Python']",13-12-2023
BXP SUPPORT AND SOLUTIONS PVT LTD,Tech Lead,Django,Bangalore,5-8,"['Java', 'Python', 'Solution Implementation']",13-12-2023
Sampoorna Consultants Pvt. Ltd,Senior Backend Engineer,Java,Hyderabad,6-9,"['Python', 'MySQL', 'Microservices Architecture']",13-12-2023
Spark Eighteen,Test Automation Engineer,Python,Bangalore,2-6,"['Automation Testing', 'Software Quality Assurance', 'Testing']",13-12-2023
Markowate Technologies,Lead Backend Engineer,Software Quality Assurance,Mumbai,3-7,"['Python', 'API', 'Javascript']",13-12-2023
Fraank System,Platform Engineer,Java,Mumbai,3-6,"['Python', 'Node.js', 'AngularJS']",13-12-2023
Lexicon Pharmaceuticals Inc.,Data Analyst,Node.js,Anywhere in India/Multiple Locations,0-6,"['Python', 'Java', 'SQL']",13-12-2023
Jobsforher,Backend Lead,Data Science,Pune,7-18,"['Python', 'Django', 'MongoDB']",12-12-2023
Annex India,Django Developer,Python,Bangalore,2-12,"['Django', 'Flask', 'Python']",12-12-2023
Wits Innovation Lab,Java Developer,Python,Delhi NCR,3-7,"['Java', 'Python', 'C#']",12-12-2023
VuNet Systems,Lead Software Engineer,DevOps,Bangalore,8-12,"['Python', 'Golang', 'Java']",13-12-2023
Cambium Networks,Automation Test Engineer,Python,Anywhere in India/Multiple Locations,5-10,"['Software Quality Assurance', 'Testing', 'SDET']",12-12-2023
Brainvire Infotech Pvt Ltd,Trainee Software Engineer,Python,Mumbai,0-1,"['Java', 'Python', 'C++']",12-12-2023
Squareboat solutiosn pvt ltd,Backend Technical Lead,SQL,Pune,5-8,"['Node.js', 'Laravel', 'Python']",12-12-2023
Aricent,Data Science Analyst,ChatGPT,Navi Mumbai,3-18,"['Data Science', 'Data Analyst', 'SQL']",12-12-2023
Valiance Analytics Pvt. Ltd.,Junior Software Engineer,Artificial Intelligence,Gurgaon/Gurugram,0-1,"['Python', 'MySQL', 'Data Structure']",12-12-2023
HuQuo Consulting Pvt. Ltd.,Data Engineer,Firmware,Pune,3-8,"['Python', 'Hadoop', 'SQL']",11-12-2023
Mouri Tech (P) Ltd,DevOps/Cloud Architect,Machine Learning,Bangalore,10-20,"['DevOps', 'Cloud Architect', 'Python']",11-12-2023
Antal International,Data Analytics Manager,Python,Bangalore,6-9,"['Python', 'SQL', 'Data Visualization']",11-12-2023
Astuto Technologies Private Limited,Full Stack Developer,Python,Noida,4-8,"['Python', 'Full Stack', 'Javascript']",11-12-2023
HuQuo Consulting Pvt. Ltd.,Analytics Manager,Python,Jaipur,3-8,"['SQL', 'Python', 'Power BI']",11-12-2023
ALP Consulting,Prompt Engineering Specialist,Python,Anywhere in India/Multiple Locations,6-9,"['ChatGPT', 'Python', 'Data Science']",11-12-2023
Havells India Limited,Artificial Intelligence/Machine Learning Lead,Python,Gurgaon/Gurugram,2-10,"['Artificial Intelligence', 'Machine Learning', 'Data Science']",11-12-2023
AR consultant,Firmware Testing Engineer,Python,Chandigarh,4-7,"['Firmware', 'Testing', 'Embedded C']",11-12-2023
TransOrg Analytics,Data Scientist,Python,Bangalore,3-6,[],11-12-2023
GeeksforGeeks,Machine Learning Engineer,Python,Chennai,1-2,"['Machine Learning', 'Deep Learning', 'Google Cloud Platform']",11-12-2023
Huquo,Python Developer/Lead Assistant Manager,Python,Pune,4-8,"['Python', 'OOAD']",09-12-2023
Aricent,Python Developer,Python,Bangalore,2-18,"['Python', 'Backend Architecture', 'Frontend Architecture']",08-12-2023
HuQuo Consulting Pvt. Ltd.,Python Developer,Python,Bangalore,3-8,"['Python', 'SQL Server', 'OOAD']",08-12-2023
Seventh Contact Hiring Solutions,Python Developer,Python,Bangalore,4-10,"['Python', 'JSON', 'REST API']",08-12-2023
ALP Consulting,Python Developer,Python,Noida,3-6,"['Python', 'Django', 'Flask']",08-12-2023
Techolution,Python Developer,Python,Anywhere in India/Multiple Locations,1-3,"['Python', 'Flask', 'Django']",08-12-2023
Aricent,Python Programmer,Python,Pune,3-22,"['Python', 'MySQL', 'Flask']",07-12-2023
ProPMO Services Private Limited,Python Developer,Python,Mumbai,3-7,[],07-12-2023
Forward eye technologies,null,Python,Gurgaon/Gurugram,4-7,"['Python', 'Server Side Component', 'React.js']",06-12-2023
Xcel Hire Management Solutions,Python Developer,Python,Noida,5-6,"['Python', 'Web Scraping', 'Scrapy']",06-12-2023
Aricent,Full Stack Python Developer,Python,Bangalore,2-10,"['Python', 'Full Stack', 'Django']",08-12-2023
Deqode,Python Developer,Python,Hyderabad,4-6,"['Python', 'Django', 'Flask']",06-12-2023
Quantsapp Pvt. Ltd.,Junior Python Developer,Python,Bangalore,2-3,"['Python', 'SQL Server', 'Pandas']",08-12-2023
Neosoft Technologies,Python Developer,Python,Bangalore,4-7,"['Python', 'Django', 'Flask']",06-12-2023
Cloud Hire,Python/AWS Developer,Golang,Bangalore,8-11,"['Python', 'AWS', 'CloudFormation']",07-12-2023
E-Hireo Global Solutions Pvt Ltd,Staff Engineer,Python,Bangalore,12-15,"['Python', 'Flask', 'ORM']",07-12-2023
ClientServer Solutions Pvt. Ltd,Python Developer,SQL,Hyderabad,4-6,"['Python', 'Flask', 'JSON']",06-12-2023
MARS,Python Full Stack Developer,Software Quality Assurance,Pune,6-10,"['Python', 'Full Stack', 'AWS']",07-12-2023
ProPMO Services Private Limited,Senior Python Developer,Django,Bangalore,3-5,"['Python', 'Pandas', 'SQL']",07-12-2023
eSthenos Technologies Pvt Ltd,Senior Python Developer,MLOps,Bangalore,4-6,"['Python', 'Django', 'Flask']",07-12-2023
Deqode,Python Developer,IT Infrastructure,Bangalore,3-6,"['Python', 'Django', 'Flask']",04-12-2023
Vlippr,Python Developer,Python,Anywhere in India/Multiple Locations,2-8,"['Python', 'Django', 'Full Stack']",04-12-2023
Huquo,Middleware Engineer,Data Modeling,Others,5-7,"['Python', 'Flask', 'OOPS']",09-12-2023
Wenger & Watson Inc.,Golang Developer,Python,Gurgaon/Gurugram,5-8,"['Golang', 'Java', 'Python']",09-12-2023
Huquo,ETL Developer,Hadoop,Pune,5-8,"['Python', 'SQL', 'ETL']",09-12-2023
Huquo,Data Architect,Big Data,Bangalore,10-15,"['SQL', 'Python', 'Data Architect']",09-12-2023
Annex India,Test Engineer,Azure Databricks,Pune,0-9,"['Software Quality Assurance', 'Python', 'Testing']",09-12-2023
Aricent,Django Developer,Application Architecture,Bangalore,1-12,"['Django', 'Python', 'NoSQL']",08-12-2023
EDU ANGELS INDIA PVT LTD,MLOps Engineer,Data Science,Bangalore,4-10,"['MLOps', 'Python', 'AWS']",08-12-2023
ALP Consulting,Infrastructure Analyst,Power BI,Andhra Pradesh,5-10,"['IT Infrastructure', 'IT Operations', 'Java']",08-12-2023
Huquo,Machine Learning Engineer,Python,Anywhere in India/Multiple Locations,2-7,[],09-12-2023
Sciative Solutions Private Limited,Full Stack Developer,Web Scraping,Anywhere in India/Multiple Locations,3-5,"['Python', 'Full Stack', 'Django']",09-12-2023
Huquo,Data Engineer,Automation Testing,Pune,3-6,"['Data Modeling', 'Erwin', 'Data Warehousing']",09-12-2023
Huquo,Senior Data Engineer,Python,Hyderabad,5-9,"['Python', 'PySpark', 'Azure Databricks']",09-12-2023
Huquo,Senior Lead Data Engineer,Python,Gurgaon/Gurugram,8-12,"['Hadoop', 'Spark', 'ETL']",09-12-2023
Huquo,Data Engineer,Automation Testing,Coimbatore,2-7,[],09-12-2023
Huquo,Big Data Engineer/Manager,Azure,Gurgaon/Gurugram,5-7,"['Big Data', 'ETL', 'Data Management']",09-12-2023
Huquo,Databricks Solutions Architect,Python,Bangalore,7-10,"['Azure Databricks', 'Solution Architect', 'PySpark']",09-12-2023
Sciative Solutions Private Limited,Software Developer,Django,Gurgaon/Gurugram,1-3,"['Application Architecture', 'Python', 'AngularJS']",09-12-2023
Thoucentric Technology Pvt. Ltd.,Data Scientist,Embedded,Gurgaon/Gurugram,3-6,"['Data Science', 'Data Scientist', 'Python']",06-12-2023
ProPMO Services Private Limited,Data Engineer,Full Stack,Anywhere in India/Multiple Locations,2-4,"['Power BI', 'Data Science', 'Machine Learning']",07-12-2023
E-Qube Digital Services,Backend Developer,Python,Anywhere in India/Multiple Locations,4-8,"['Python', 'Flask', 'AWS']",07-12-2023
Auriga IT Consulting Pvt Ltd,Software Engineer,Data Analyst,Anywhere in India/Multiple Locations,2-5,[],07-12-2023
Marktine Technology Solutions,Web Scraper,ELK Stack,Anywhere in India/Multiple Locations,8-10,"['Web Scraping', 'Scrapy', 'Python']",07-12-2023
HuQuo Consulting Pvt. Ltd.,Manger/Senior Manager,SQL,Delhi NCR,3-8,"['Automation Testing', 'Testing', 'Selenium']",08-12-2023
TransOrg Analytics,Lead Data Scientist,Data Scientist,Chandigarh,5-8,"['Python', 'R', 'SQL']",08-12-2023
ClicFlyer,Senior Analyst,Python,Jaipur,4-7,"['Python', 'Power BI', 'BigQuery']",08-12-2023
Acmeminds Pvt Ltd,Junior Automation Engineer,Python,Anywhere in India/Multiple Locations,2-4,"['Automation Testing', 'Testing', 'Java']",08-12-2023
Havells India Limited,Azure Data Engineer,Python,Anywhere in India/Multiple Locations,4-10,"['Azure', 'Data Pipeline', 'ETL']",08-12-2023
Lifo Technologies,Software Developer,Python,Gurgaon/Gurugram,5-7,"['Python', 'React.js', 'AngularJS']",08-12-2023
Sumanel Technology Ventures Pvt Ltd,Senior Software Engineer,Big Data,Anywhere in India/Multiple Locations,2-5,"['Django', 'Python']",08-12-2023
Havells India Limited,Embedded Linux Engineer,MLOps,Anywhere in India/Multiple Locations,4-12,"['Embedded', 'Linux', 'Linux Kernel']",08-12-2023
Havells India Limited,IoT Full Stack Engineer,Python,Anywhere in India/Multiple Locations,3-10,"['Full Stack', 'Microservices Architecture', 'REST API']",08-12-2023
Havells India Limited,IoT Automation Engineer,Data Management,Others,5-10,"['Python', 'C', 'System Validation']",08-12-2023
Polstrat communications Pvt Ltd,Lead Data Analyst,Python,Anywhere in India/Multiple Locations,1-4,"['Data Analyst', 'Data Analytics', 'Python']",08-12-2023
ALP Consulting,ELK/Elastic Search Developer,Data Warehousing,Pune,3-12,"['ELK Stack', 'Logstash', 'Java']",08-12-2023
ALP Consulting,Senior Data Scientist,SDET,Anywhere in India/Multiple Locations,3-8,"['SQL', 'Python', 'Machine Learning']",08-12-2023
TransOrg Analytics,Data Scientist,Technical Architect,Anywhere in India/Multiple Locations,3-7,"['Data Scientist', 'Data Mining', 'R']",08-12-2023
Huquo,AWS Data Engineer/Senior Manager,Django,Anywhere in India/Multiple Locations,8-12,"['Python', 'PySpark', 'ETL']",09-12-2023
S.Arche Services,Data Engineer,R,Anywhere in India/Multiple Locations,4-7,"['Python', 'SQL']",06-12-2023
PyjamaHR,Web Developer,Big Data,Chennai,3-5,"['Python', 'Django', 'Javascript']",06-12-2023
XTEN-AV,Software Developer,Java,Bangalore,1-3,"['Python', 'PostgreSQL']",06-12-2023
Fraank System,Data Engineer,Product Management,Anywhere in India/Multiple Locations,5-9,"['Big Data', 'Python', 'Spark']",06-12-2023
Thoucentric Technology Pvt. Ltd.,MLOps Engineer,Data Infrastructure,Anywhere in India/Multiple Locations,3-5,"['MLOps', 'Machine Learning', 'Python']",06-12-2023
Arting Digital,Data Engineer,Python,Bangalore,5-10,"['Python', 'Java', 'SQL']",07-12-2023
Eloelo,Senior Data Engineer,Flutter,Mumbai,4-7,"['Data Management', 'Python', 'Scala']",07-12-2023
Eloelo,Senior Data Engineer,Machine Learning,Anywhere in India/Multiple Locations,4-7,"['Python', 'Scala', 'SQL Server']",07-12-2023
Sail Analytics,Data Engineer,Python,Coimbatore,2-3,"['Data Warehousing', 'Data Pipeline', 'SQL']",07-12-2023
Conviva Apac Private Limited,Test,Data Science,Anywhere in India/Multiple Locations,6-8,"['SDET', 'Testing', 'Software Quality Assurance']",07-12-2023
Rhythm Management Group,Principal Software Engineer,Azure,Anywhere in India/Multiple Locations,12-15,"['Technical Architect', 'Javascript', 'Python']",07-12-2023
ProPMO Services Private Limited,Technical Lead,Python,Gurgaon/Gurugram,5-8,"['Django', 'Python', 'Image Processing']",07-12-2023
Kunato,Data Analyst,Data Analytics,Bangalore,4-8,"['R', 'SQL', 'Python']",07-12-2023
Idexcel Technologies Pvt Ltd,Node.js Developer,Analytics,Bangalore,5-10,[],07-12-2023
PAR Tech India,Senior Big Data Engineer,SQL,Anywhere in India/Multiple Locations,5-8,"['Big Data', 'ETL', 'Data Infrastructure']",08-12-2023
Edgeverve,Engineering Lead,NLP,Pune,15-25,"['Java', 'Python']",05-12-2023
Latent bridge,Lead Full Stack Developer,Full Stack,Mumbai,4-7,[],06-12-2023
D-TechWorks Pvt. ltd,Technical Product Owner,Python,Hyderabad,5-7,"['Product Management', 'Python', 'SQL']",06-12-2023
Translytics Business Services Pvt Ltd,Senior Data Engineer,Analytics,Bangalore,3-5,"['Data Infrastructure', 'Data Pipeline', 'Spark']",06-12-2023
Xpanxion International Pvt Ltd,Software Engineer II,Data Science,Bangalore,4-7,"['Python', 'Flask', 'Microservices Architecture']",06-12-2023
Natoe.ai,Senior Flutter Developer,Java,Mumbai,3-8,"['Flutter', 'Full Stack', 'React.js']",06-12-2023
SLO TECHNOLOGIES PRIVATE LIMITED,Machine Learning Engineer,Python,Hyderabad,1-5,"['Machine Learning', 'Data Science', 'Deep Learning']",06-12-2023
Varahe Analytics Private Limited,L1 Data Engineer,Machine Learning,Bangalore,2-8,"['Python', 'SQL', 'Cloud']",06-12-2023
XTEN-AV,Full Stack Developer,Python,Anywhere in India/Multiple Locations,1-3,[],06-12-2023
Translytics Business Services Pvt Ltd,Senior Data Scientist,Data Analytics,Anywhere in India/Multiple Locations,3-5,"['Data Science', 'Data Scientist', 'Machine Learning']",06-12-2023
WST TECHNOLOGIES PRIVATE LIMITED,Azure Data Engineer,Java,Bangalore,7-9,"['Azure', 'Azure Data Factory', 'Python']",06-12-2023
Happay - Expense Management Solution,Data Analyst,Data Science,Anywhere in India/Multiple Locations,1-3,"['Python', 'SQL', 'Data Analytics']",06-12-2023
quaxigma it solutions private limited,Senior Data Analyst,AWS,Mumbai,4-10,"['Data Analytics', 'Data Validation', 'Data Analyst']",05-12-2023
Savannah Seeds Pvt Ltd,Analytics Engineer,Snowflake DB,Navi Mumbai,3-6,"['Analytics', 'R', 'Python']",05-12-2023
Forward eye technologies,Data Engineer,Python,Hyderabad,8-10,"['SQL', 'Python', 'AWS']",04-12-2023
Zerozilla,Data Scientist,Full Stack,Bangalore,8-12,"['NLP', 'Python', 'Power BI']",04-12-2023
Translytics Business Services Pvt Ltd,Senior Full Stack Developer,Python,Bangalore,3-5,"['Full Stack', 'Python', 'Flask']",06-12-2023
Zyoin,Lead Risk Analyst,Flask,Pune,4-6,"['Python', 'SQL']",04-12-2023
Saarthee,Analyst/Senior Analyst,Python,Bangalore,2-5,"['Analytics', 'R', 'SAS']",04-12-2023
Valiance Analytics Pvt. Ltd.,Data Scientist,Python,Anywhere in India/Multiple Locations,1-2,"['Data Science', 'Data Scientist', 'Python']",04-12-2023
Brainvire Infotech,Lead Odoo Developer,Python,Anywhere in India/Multiple Locations,4-10,[],04-12-2023
MylMas,Senior Full Stack Developer,Python,Bangalore,6-10,"['Java', 'Full Stack', 'Spring']",04-12-2023
TailNode,Principal Engineer,Python,Anywhere in India/Multiple Locations,8-11,"['Python', 'Node.js', 'Data Structure']",04-12-2023
Ideapoke,Senior Machine Learning Engineer,Python,Gurgaon/Gurugram,3-6,"['Machine Learning', 'Python', 'Pandas']",04-12-2023
Saarthee,Analytics Manager,Python,Anywhere in India/Multiple Locations,5-7,"['Python', 'SQL', 'R']",04-12-2023
Saarthee,Analytics Consultant,Python,Anywhere in India/Multiple Locations,5-7,"['Data Analytics', 'Data Analyst', 'Python']",04-12-2023
Jobtrix kyla,Software Development Engineer II,Python,Anywhere in India/Multiple Locations,4-8,"['Java', 'Python', 'REST API']",04-12-2023
Alpha Net,Data Science Engineer/Senior Data Science Engineer,Python,Gurgaon/Gurugram,3-10,"['Data Science', 'Data Scientist', 'Python']",04-12-2023
USEFULBI CORPORATION,AWS Data Engineer,Python,Hyderabad,5-10,"['AWS', 'Python', 'PySpark']",02-12-2023
Kiash solutions,Snowflake Developer,Python,Mumbai,4-10,"['Snowflake DB', 'Python', 'Azure Databricks']",02-12-2023
Vlippr,Full Stack Developer,Python,Hyderabad,2-8,"['Python', 'Django', 'Full Stack']",02-12-2023
Crescendo Global,Full Stack Developer,Python,Pune,5-10,"['Full Stack', 'Flask', 'React.js']",02-12-2023
Kaabil Finance,Python Developer,Python,Bangalore,2-4,"['Python', 'Numpy', 'Pandas']",01-12-2023
Aexonic Technologies Private Limited,Python Developer,Python,Dehradun,3-6,"['Flask', 'API']",30-11-2023
Forward Eye Technology,Python Developer,Python,Jaipur,6-12,"['Python', 'Scrapy', 'Web Scraping']",29-11-2023
Kodehash Technologies Pvt Ltd,Python Developer,Python,Mumbai,5-10,"['Python', 'Full Stack', 'Django']",29-11-2023
Deqode,Python Developer,Python,Mumbai,7-8,"['Python', 'AWS', 'Javascript']",29-11-2023
Forward eye technologies,Python Developer,Python,Anywhere in India/Multiple Locations,6-12,"['Python', 'Web Scraping', 'C#']",29-11-2023
Aviso AI,Aviso AI,Python,Hyderabad,3-5,"['Python', 'OOPS']",29-11-2023
Java R&D,Python Developer,Python,Mumbai,4-10,"['Python', 'Backend Architecture', 'Django']",29-11-2023
Aviso AI,Senior Backend Developer,Python,Chennai,7-12,"['Python', 'Django', 'MongoDB']",29-11-2023
Persistent Systems,Python Developer,Python,Bangalore,4-6,"['Python', 'Django', 'Flask']",29-11-2023
OrangeMantra,Python Developer,Python,Kolkata,3-8,"['Python', 'Django', 'Flask']",27-11-2023
U-SET,Python Backend Engineer,Python,Any Location,4-6,"['Python', 'Backend Architecture', 'Django']",29-11-2023
Optivalue tek consulting,Python Technical Lead,Python,Bangalore,5-10,"['Python', 'AWS', 'Django']",30-11-2023
Emorphis Technologies,Python/Django Developer,Python,Bangalore,4-7,[],30-11-2023
Doctus Tech,Senior Python Developer,Python,Any Location,6-8,"['Python', 'Django']",30-11-2023
Optivalue tek consulting,Python Technical Lead,Python,Delhi NCR,4-16,"['Python', 'AWS', 'Cloud Services']",29-11-2023
Marktine Technology Solutions,Full Stack Developer,Python,Bangalore,5-8,"['Python', 'AngularJS', 'Node.js']",29-11-2023
Optivalue tek consulting,Python Technical Lead,Python,Anywhere in India/Multiple Locations,5-7,"['Python', 'Django', 'Flask']",30-11-2023
Rishvaware Technologies Pvt Ltd,Python Developer,Python,Gurgaon/Gurugram,3-5,"['Python', 'RDBMS', 'Microservices Architecture']",23-11-2023
THIRE GLOBAL SERVICES PRIVATE LIMITED,Python Developer,Python,Hyderabad,2-3,"['Python', 'Django', 'Flask']",21-11-2023
Deqode,Python Developer,Python,Anywhere in India/Multiple Locations,4-8,"['Python', 'MySQL', 'Django']",21-11-2023
Tentacle Technologies,Python Artificial Intelligence Engineer,Python,Mumbai,5-10,"['Python', 'Artificial Intelligence', 'NLP']",24-11-2023
Vinove,Python Developer,Python,Mumbai,6-8,"['Python', 'Full Stack', 'Microservices Architecture']",21-11-2023
Sifars,Python Developer,Python,Delhi NCR,5-8,"['Python', 'Javascript', 'Django']",20-11-2023
THIRE GLOBAL SERVICES PRIVATE LIMITED,Python Developer,Python,Bangalore,2-5,"['Python', 'Django', 'Flask']",20-11-2023
3i-infotech,Python Developer,Java,Hyderabad,4-6,"['Python', 'Django', 'Flask']",20-11-2023
Sgs technical service Pvt ltd,Python Developer,Data Management,Any Location,1-5,"['Python', 'Django', 'Flask']",20-11-2023
Squash Apps Private limited,Python/React.js Developer,Java,Delhi,6-10,"['Python', 'React.js', 'Javascript']",23-11-2023
Forward eye technologies,Python Developer,Data Science,Mumbai,6-12,"['Python', 'C#', 'Web Scraping']",20-11-2023
Vithamas Technologies Private Limited,Python/Django Developer,Python,Bangalore,1-3,"['Python', 'Django', 'MySQL']",22-11-2023
Buzzhire,Lead Python Developer,Python,Gurgaon/Gurugram,6-10,"['Python', 'Distributed Systems']",22-11-2023
Patch Infotech Private Limited,Python/Golang Developer,Java,Delhi NCR,4-9,"['Python', 'Golang', 'MySQL']",21-11-2023
Spurtree technologies,Lead Python Full Stack Developer,Python,Navi Mumbai,6-15,"['Python', 'Full Stack', 'Javascript']",22-11-2023
Forward Eye Technology,Senior Python Developer,Big Data,Anywhere in India/Multiple Locations,6-12,"['Python', 'Javascript', 'Scrapy']",20-11-2023
Agile Soft Systems Inc,Python & Django Developer,Data Analyst,Anywhere in India/Multiple Locations,5-7,"['Python', 'Django', 'RESTful API']",20-11-2023
Quantiphi,Platform/Python Developer,Django,Pune,3-6,"['Python', 'C', 'C++']",20-11-2023
Leuwint Technologies,Python Developer,SDET,Gurgaon/Gurugram,4-10,"['Python', 'Django']",17-11-2023
Discoveries Quintessential Pvt Ltd,Senior Python Developer,Solution Architect,Bangalore,5-7,"['Python', 'Django', 'Flask']",18-11-2023
GIGMO SOLUTIONS PVT LTD,Python/Full Stack Developer,Data Scientist,Gurgaon/Gurugram,2-10,"['Python', 'Django', 'ORM']",17-11-2023
EXPRESS EMPLOYMENT CONSULTANCY SERVICES.,AWS/Python Developer,Machine Learning,Bangalore,3-7,"['Python', 'AWS', 'Node.js']",17-11-2023
E-Qube Digital Services,Backend Developer,AWS,Bangalore,4-8,"['Python', 'OOPS', 'MySQL']",01-12-2023
Mobile Programming Pvt LTd,Platform Engineer,Azure Data Factory,Chandigarh,3-6,"['Python', 'Tableau', 'CI/CD Pipeline']",01-12-2023
Revolancer LTD,Software Developer,C++,Vadodara/Baroda,1-9,"['Java', 'Python', 'Node.js']",01-12-2023
Marktine Technology Solutions,Data Engineer,Java,Kerala,5-7,"['Data Management', 'Python', 'Java']",30-11-2023
makevisionsoutsourcing,Software Developer,Python,Chandigarh,5-6,"['Java', 'SQL', 'Python']",29-11-2023
Mk Group,Data Scientist,Data Pipeline,Hyderabad,5-8,"['Data Science', 'Data Scientist', 'Azure']",29-11-2023
SUREKHA TECHNOLOGIES PRIVATE LIMITED,Senior Odoo Developer,Python,Kerala,4-8,"['Python', 'Odoo', 'ERP']",29-11-2023
U-SET,Software Engineer,CAN,Bangalore,4-6,"['Python', 'Flask', 'Django']",29-11-2023
Strategic Talent Partner,Software Engineer,Big Data,Pune,4-6,"['Java', 'Python', 'PowerShell']",29-11-2023
Quantum Corporation,Software Engineer,Python,Pune,5-15,"['Python', 'Perl', 'C++']",01-12-2023
SPMR Advisors Pvt Ltd,Senior Data Engineer,Python,Bangalore,5-9,"['Big Data', 'Data Analytics', 'Data Pipeline']",01-12-2023
Pixel,Data Analyst,Odoo,Anywhere in India/Multiple Locations,1-6,"['Data Analyst', 'Python', 'Tableau']",28-11-2023
Gloif,Django Developer,Google Cloud Platform,Mumbai,1-4,"['Django', 'Python', 'Full Stack']",17-11-2023
Azul Systems India Pvt Ltd,Software Quality Engineer,Python,Hyderabad,3-5,"['SDET', 'Java', 'Software Quality Assurance']",30-11-2023
Nvent.com,Software Architect,C++,Anywhere in India/Multiple Locations,7-12,"['Solution Architect', 'Java', 'Python']",30-11-2023
Morning Star,Senior Data Scientist,Full Stack,Anywhere in India/Multiple Locations,5-8,"['Data Scientist', 'Data Science', 'Tensorflow']",30-11-2023
Navtech (Navaratan Technologies Pvt. Ltd),Machine Learning Engineer,Data Pipeline,Chandigarh,1-5,"['Machine Learning', 'Python', 'NLP']",29-11-2023
CGI,AWS Data Engineer,Full Stack,Anywhere in India/Multiple Locations,4-10,"['AWS', 'Python']",29-11-2023
CGI,Azure Data Engineer,Full Stack,Bangalore,4-10,"['Azure Data Factory', 'Azure Databricks', 'Azure Data Studio']",29-11-2023
Persistent Systems,C++ Developer,SQL,Noida,4-6,"['C++', 'C', 'Python']",29-11-2023
Ximkart,Software Development Engineer,Java,Noida,1-2,"['Java', 'Python', 'C++']",29-11-2023
Zania.ai,Senior/Lead Software Engineer,Azure,Bangalore,6-10,['Python'],29-11-2023
Milestone Inc,Staff Data Engineer,Artificial Intelligence,Bangalore,8-12,"['Data Pipeline', 'Data Infrastructure', 'Big Data']",29-11-2023
Aviso AI,Software Engineer,Kafka,Chennai,3-6,"['Python', 'OOPS', 'API Integration']",29-11-2023
Volvo India Pvt.Ltd,Senior ESW Application Engineer,Node.js,Anywhere in India/Multiple Locations,6-11,"['CAN', 'Python', 'Embedded System']",29-11-2023
U-SET,Big Data Engineer,C++,Pune,5-8,"['Big Data', 'Hadoop', 'Spark']",29-11-2023
Live Connections,Azure Data Engineer,Backend Architecture,Vadodara/Baroda,6-10,"['Python', 'PySpark', 'Azure Data Factory']",29-11-2023
Briq,Senior Full Stack Engineer,Azure,Hyderabad,5-7,"['Python', 'Django', 'Flask']",29-11-2023
Oodles Technology,Odoo Developer,Machine Learning,Gurgaon/Gurugram,0-3,"['Odoo', 'Python']",29-11-2023
Talent join,GCP Data Engineer,Python,Anywhere in India/Multiple Locations,5-10,"['Google Cloud Platform', 'Data Analytics', 'Data Migration']",28-11-2023
Mouri Tech (P) Ltd,Data Engineer,Data Management,Hyderabad,5-10,"['Python', 'SQL', 'Spark']",28-11-2023
Swfi,Machine Learning Engineer,Data Scientist,Others,4-8,"['C++', 'Python', 'Tensorflow']",28-11-2023
Quantum Corporation,Full Stack Developer,Data Science,Hyderabad,4-10,"['Full Stack', 'Python', 'Golang']",01-12-2023
Aezion.Inc,Senior Data Engineer,API,Pune,7-20,"['Data Pipeline', 'Azure', 'Azure Data Factory']",01-12-2023
Talent Integrators,Full Stack Data Scientist,Azure,Gurgaon/Gurugram,5-6,"['Full Stack', 'Data Scientist', 'Data Science']",28-11-2023
TEBillion Systems Pvt Ltd.,Full Stack Engineer,Azure,Others,3-7,"['Full Stack', 'Python', 'Javascript']",28-11-2023
Mouri Tech (P) Ltd,Senior Analytics Engineer,Machine Learning,Hyderabad,8-12,"['SQL', 'Data Modeling', 'Data Warehousing']",28-11-2023
Simform,Full Stack Developer,Data Science,Pune,2-8,"['Java', '.Net', 'Python']",28-11-2023
Sight Spectrum,Azure Data Engineer,Data Scientist,Anywhere in India/Multiple Locations,5-10,"['Azure', 'Python', 'Data Pipeline']",28-11-2023
PamTen Software Solutions Private Limited,AI/ML Developer,Artificial Intelligence,Others,4-8,"['Artificial Intelligence', 'Machine Learning', 'Python']",28-11-2023
EXPRESS EMPLOYMENT CONSULTANCY SERVICES.,Kafka Developer,Python,Pune,4-7,"['Kafka', 'Confluent Kafka', 'Informatica']",25-11-2023
GrayMatrix,Node.js Developer,Javascript,Vadodara/Baroda,3-6,"['Node.js', 'Javascript', 'React.js']",30-11-2023
Oceaneering International Services Limited,Senior Application Software Engineer,Python,Noida,4-10,"['C++', 'Python', 'C++11']",27-11-2023
Atai Labs,Backend Engineer,Machine Learning,Vadodara/Baroda,4-10,"['Backend Architecture', 'Python', 'Django']",27-11-2023
Live Connections,Data Engineer,Python,Mumbai,3-5,"['Azure', 'Hadoop', 'Spark']",24-11-2023
Presence Education,Data Analyst,Python Architect,Hyderabad,1-7,[],24-11-2023
Acelucid Technologies,Machine Learning Engineer,Data Science,Bangalore,4-7,"['Machine Learning', 'Python', 'Spark']",28-11-2023
PAR Tech India,Senior Machine Learning Engineer,Python,Pune,6-10,"['Python', 'Django', 'Flask']",01-12-2023
e-solutions,Data Engineer,Full Stack,Pune,10-14,"['Data Management', 'Google Cloud Platform', 'BigQuery']",23-11-2023
Sashr Consultants,Data Scientist,Python,Hyderabad,10-15,"['Data Scientist', 'Data Science', 'Python']",25-11-2023
Patel family Office,Senior Data Scientist,Java,Hyderabad,6-17,"['Data Science', 'Data Scientist', 'Data Analytics']",25-11-2023
Aivoks Technologies Pvt. Ltd.,Full Stack Developer,Software Quality Assurance,Bangalore,2-7,"['API', 'Node.js', 'Javascript']",25-11-2023
Confidential Company,Senior Business Analyst/Consultant,Data Architect,Gurgaon/Gurugram,5-12,[],24-11-2023
Mouri Tech (P) Ltd,Azure/DevOps Engineer,Python,Bangalore,4-6,"['Azure', 'Terraform', 'CI/CD']",24-11-2023
Protiviti India Member Private limited,Azure Data Engineer,Full Stack,Bangalore,3-6,"['Azure', 'Synapse Analytics', 'Azure Data Factory']",24-11-2023
Growel Softech Pvt. Ltd.,Machine Learning Engineer,Python,Punjab,4-6,"['Machine Learning', 'NLP', 'Python']",24-11-2023
Confidential Company,SQL/Python,PHP,Mumbai,3-11,[],24-11-2023
Gloify,Django Developer,Business Intelligence,Bangalore,1-3,[],22-11-2023
Skyleaf consultants,Senior Data Scientist,DevOps,Bangalore,7-8,"['Data Science', 'Data Scientist', 'Python']",23-11-2023
Valiance,Computer Vision Engineer,Python,Gurgaon/Gurugram,1-6,"['Data Scientist', 'Computer Vision', 'Python']",23-11-2023
Jabroyd India Pvt.Ltd.,Artificial Intelligence Engineer,Automation Testing,Hyderabad,3-5,"['Artificial Intelligence', 'Machine Learning', 'Data Science']",23-11-2023
WareIQ Logistics Pvt Lrd,Backend Developer,Python,Ahmedabad,2-6,"['Python', 'Django', 'Flask']",23-11-2023
ONDER SHIPTHIS TECHNOLOGIES PRIVATE LIMITED,Junior Software Engineer,Full Stack,Pune,1-2,"['Javascript', 'JSON', 'REST API']",23-11-2023
Confidential Company,Search Engine Data Scientist,Data Scientist,Anywhere in India/Multiple Locations,4-11,[],24-11-2023
Spark Eighteen,Software Engineer,Java,Hyderabad,4-8,"['Python', 'Django', 'ORM']",20-11-2023
Quantiphi,Senior Machine Learning Engineer,Python,Bangalore,3-6,"['Machine Learning', 'Python', 'SQL']",21-11-2023
Quantiphi,Data Engineer,AWS,Chennai,3-6,"['Python', 'AWS EMR', 'Redshift']",21-11-2023
Axtria India Pvt. Ltd.,Backend Architect,Python,Ahmedabad,8-12,"['Python Architect', 'Django', 'Microservices Architecture']",21-11-2023
MoveForward.ai,Risk Analyst/Data Scientist,Python,Ahmedabad,2-4,"['Data Science', 'Data Scientist', 'SQL']",21-11-2023
Axtria India Pvt. Ltd.,Data Architect,Python,Gurgaon/Gurugram,12-20,[],21-11-2023
Stupa Sports Analytics,Staff Software Engineer,Data Analyst,Noida,5-7,"['Python', 'Django', 'Microservices Architecture']",23-11-2023
Quantiphi,Senior Software Developer,React Native,Anywhere in India/Multiple Locations,5-7,"['Full Stack', 'Python', 'TypeScript']",21-11-2023
MARS Telecom Systems Pvt. Ltd.,Software Engineer,Python,Anywhere in India/Multiple Locations,7-12,['Python'],21-11-2023
Revolancer LTD,Software Engineer,Python,Kolkata,0-10,"['Java', 'Python', 'C++']",21-11-2023
S&P Global,Senior Quality Assurance Engineer,Python,Bangalore,6-8,"['Software Quality Assurance', 'Testing', 'Java']",22-11-2023
Quantiphi,Data Architect,Python,Bangalore,10-15,"['Data Architect', 'Native Cloud', 'AWS']",20-11-2023
Spark Eighteen,Senior Backend Developer,Python,Noida,3-6,"['Python', 'Django', 'PostgreSQL']",20-11-2023
Numantra Technologies,Data Engineer,Django,Coimbatore,3-10,[],22-11-2023
Discoveries Quintessential Pvt Ltd,Full Stack Engineer,Python,Noida,3-4,"['Full Stack', 'Spring Boot', 'Python']",20-11-2023
Technogen India Private Limited,Business Intelligence Developer,Python,Pune,8-10,"['Python', 'R', 'Tableau']",20-11-2023
Kaizen Empire,Software Development Manager,Python,Ahmedabad,5-8,"['PHP', 'Python', 'API']",20-11-2023
Greentech ITS,Computer Vision Engineer,Python,Hyderabad,1-3,[],21-11-2023
Aptus Data Labs,Senior BI Developer,Python,Noida,4-6,"['Business Intelligence', 'Data Visualization', 'Python']",20-11-2023
Numantra Technologies,Big Data Engineer,Python,Hyderabad,3-8,[],20-11-2023
Virtusa,DevOps Engineer,Django,Bangalore,6-10,"['DevOps', 'AWS', 'Python']",18-11-2023
Gameberry Labs,Senior Software Engineer,Python,Gurgaon/Gurugram,5-8,"['Python', 'Golang', 'Java']",17-11-2023
Studio Graphene,Automation Testing Engineer,Python,Bangalore,5-9,"['Automation Testing', 'Python', 'Java']",17-11-2023
Kaleidofin,Senior Data Engineer,Python,Bangalore,5-12,"['Python', 'RDBMS', 'Spark']",17-11-2023
Optimal Virtual Employee,Full Stack Web Developer,Python,Bangalore,5-10,"['Full Stack', 'Python', 'Javascript']",17-11-2023
GeBBS Healthcare Solutions,Data Science Lead,Python,Bangalore,5-10,"['Data Scientist', 'Data Science', 'Python']",17-11-2023
Nextgen Healthcare,Java Full Stack Engineer,Python,Hyderabad,5-12,"['Java', 'Full Stack', 'Python']",17-11-2023
Xebia IT Architects India Pvt Ltd,Senior Azure Data Engineer,Python,Bangalore,5-12,"['Python', 'Spark', 'PySpark']",17-11-2023
Capgemini,AWS/Python Developer,In-Vehicle Infotainment,Ahmedabad,5-10,"['AWS', 'Python', 'CloudFormation']",16-11-2023
Country Delight,Python Backend Engineer,Python,Hyderabad,2-5,"['Python', 'Django', 'Backend Architecture']",26-10-2023
Samsung Electro Mechanics,Python Developer,Python,Pune,3-8,"['Python', 'API Architect', 'Microservices Architecture']",27-09-2023
WedMeGood,Software Development Engineer III/Backend Developer/Technical Architect,Python,Anywhere in India/Multiple Locations,5-10,"['Python', 'Java', 'C++']",03-11-2023
Xpressbees,Data Analyst,Python,Hyderabad,0-5,"['Data Analyst', 'Data Analytics', 'R']",03-11-2023
Jio,Senior Software Engineer,Python,Bangalore,3-9,"['React Native', 'Python', 'MongoDB']",23-10-2023
Moengage,Senior Software Engineer,Python,Cochin/Kochi,3-5,"['Python', 'AWS', 'MongoDB']",26-09-2023
Deqode,Python Developer,Python,Hyderabad,4-6,"['Python', 'OOPS', 'NoSQL']",16-11-2023
Brisk Win IT PVT Ltd.,Python Developer,Python,Hyderabad,6-8,"['Python', 'PySpark', 'SQL']",14-11-2023
Ditstek Innovation Pvt. Ltd.,Python Developer,Django,Bangalore,3-6,"['Python', 'Django', 'Flask']",16-11-2023
Amantya Technolgies,Python Developer,Python,Bangalore,8-10,"['Python', 'DICOM', 'FHIR']",15-11-2023
Cambay healthcare,Python Developer,Python,Mumbai,2-4,"['Django', 'Flask', 'React.js']",10-11-2023
KonnectNXt,Python Developer,Python,MP,3-5,"['Python', 'Django', 'AWS']",09-11-2023
Tamcherry Technologies,Python Lead,Python,Gurgaon/Gurugram,8-14,"['Python', 'Flask', 'MongoDB']",14-11-2023
Harmony Data Integration Technologies Pvt. Ltd.,Python Developer,Python,Bangalore,2-5,"['Python', 'AWS', 'Azure']",16-11-2023
SEANERGY DIGITAL INDIA PVT LTD,Python Developer,Python,Anywhere in India/Multiple Locations,3-6,"['Python', 'Django', 'Flask']",10-11-2023
Tamcherry Technologies,Python Developer,Python,Bangalore,3-5,"['Python', 'Backend Architecture', 'MySQL']",06-11-2023
Minions Ventures Pvt Ltd,Python Developer,Python,Anywhere in India/Multiple Locations,4-6,"['Python', 'Machine Learning', 'Data Pipeline']",09-11-2023
Vikgol,Python Developer,Python,Anywhere in India/Multiple Locations,1-3,"['Django', 'Flask', 'Server Side Component']",06-11-2023
Solytics Partners,Python Developer,Python,Bangalore,2-7,"['Python', 'SQL', 'Data Structure']",09-11-2023
e-Hireo,Python Developer,Python,Mumbai,4-12,"['Python', 'Backend Architecture', 'Flask']",06-11-2023
Pace Wisdom,Python Lead,Python,Gurgaon/Gurugram,5-8,"['Python', 'Django', 'Flask']",06-11-2023
Deqode,Python Developer,Python,Hyderabad,2-5,"['Python', 'Backend Architecture', 'Django']",07-11-2023
Pace Wisdom,Python Developer,Python,Anywhere in India/Multiple Locations,3-5,"['Python', 'Django', 'Flask']",06-11-2023
SKYGATE CONSULTING,Python Developer,Testing,Mumbai,4-8,"['Python', 'Django', 'Flask']",06-11-2023
Edwisely,Python Developer,Python,Bangalore,1-3,"['Python', 'NoSQL', 'Django']",31-10-2023
Confidential Company,Python Automotive Tester,Python,Gurgaon/Gurugram,5-12,"['In-Vehicle Infotainment', 'In-Vehicle Infotainment Testing', 'Integration Testing']",16-11-2023
Tekfortune INC,Python Consultant,Python,Hyderabad,8-15,"['Python', 'Django', 'Azure']",09-11-2023
Tekfortune IT India Pvt. Ltd.,Python Consultant,Python,Noida,8-12,"['Python', 'Django', 'SQL']",27-10-2023
Harmony Data Integration Technologies Pvt. Ltd.,Senior Python Developer,Python,Mumbai,5-10,"['Python', 'Django', 'AWS']",16-11-2023
Tamcherry Technologies,Python Lead,MySQL,Hyderabad,7-12,"['Python', 'Scrapy', 'Javascript']",27-10-2023
Infotrack Telematics Pvt Ltd,null,Python,Delhi NCR,5-8,"['Python', 'Artificial Intelligence', 'Analytics']",07-11-2023
Agicent App Company,Python Developer,Python,Anywhere in India/Multiple Locations,2-4,"['Python', 'Django']",26-10-2023
Amicon Hub,Python Developer,Python,Navi Mumbai,4-8,"['Python', 'Solution Architect', 'Django']",30-10-2023
Idexcel Technologies,Python Developer,Python,Any Location,4-8,"['Python', 'MongoDB', 'Numpy']",26-10-2023
Gloify,Senior Python Developer,Python,Abu Dhabi,6-8,"['Django', 'Python', 'Design Patterns']",08-11-2023
Meithee Tech pvt ltd,Meithee Tech,Python,Anywhere in India/Multiple Locations,5-6,"['Python', 'OOPS']",09-11-2023
HI Tel Solutions,Python Web Developer,Python,Anywhere in India/Multiple Locations,4-6,"['Python', 'Django', 'MySQL']",07-11-2023
Numantra Technologies,Python Developer,Python,MP,3-5,"['Python', 'Pandas', 'SQL']",25-10-2023
Vikgol,Python Full Stack Developer,Python,Bangalore,1-2,"['Python', 'Full Stack', 'Django']",06-11-2023
Cambay Consulting,Python Developer,Python,Anywhere in India/Multiple Locations,3-4,"['Python', 'Django', 'Flask']",21-10-2023
Accion Labs,Senior Python Programmer,Python,Mumbai,7-12,"['Python', 'Backend Architecture', 'Server Side Component']",03-11-2023
SEANERGY DIGITAL SERVICES PVT LTD,Lead Python Developer,Python,Chennai,7-12,"['Python', 'Django', 'Flask']",01-11-2023
Kodehash Technologies Pvt Ltd,Python Developer,Python,Bangalore,3-6,"['Python', 'Django', 'AngularJS']",20-10-2023
Aexonic Technologies Private Limited,Python Developer,Full Stack,Hyderabad,1-3,"['Python', 'Flask', 'Computer Vision']",20-10-2023
VOCO TECHNOLOGIES PRIVATE LIMITED,Python Golang Programming Developer,Python,Anywhere in India/Multiple Locations,2-8,"['Python', 'Golang', 'Flask']",06-11-2023
Spurtree technologies,SpurTree Technologies,Python,Mumbai,7-15,"['Python', 'Full Stack', 'Javascript']",31-10-2023
Nstarx India Private Limited,Python Full Stack Developer,Python,Hyderabad,5-15,"['Python', 'Django', 'Flask']",30-10-2023
1E9 Advisors,null,Python,Metros,1-5,"['Python', 'Django', 'Flask']",25-10-2023
Digi Upaay Solutions Pvt. Ltd,Python Developer,Python,Pune,3-5,"['Python', 'Django', 'Flask']",17-10-2023
Tiger Analytics,Python Quality Engineer,Python,Bangalore,3-7,"['Testing', 'PyTest', 'Python']",27-10-2023
Hiteshi Infotech Pvt. Ltd.,Python AI Developer,Python,Bangalore,1-2,"['Python', 'Artificial Intelligence', 'Django']",26-10-2023
SEANERGY DIGITAL SERVICES PVT LTD,Python Developer,Python,Anywhere in India/Multiple Locations,4-6,"['Python', 'Django', 'Flask']",13-10-2023
Nirmitee.io,Nirmitee.io,Python,Anywhere in India/Multiple Locations,3-5,"['Python', 'SQL', 'Django']",11-10-2023
Tiger Analytics,Python Full Stack Engineer,Python,Gurgaon/Gurugram,3-7,"['Python', 'Numpy', 'Pandas']",27-10-2023
Deqode,Python Developer,Python,Pune,4-6,"['Python', 'Django', 'Flask']",11-10-2023
Unojobs,Python Developer,Python,Anywhere in India/Multiple Locations,2-3,"['MySQL', 'PostgreSQL', 'MongoDB']",10-10-2023
IT Company,Python Developer,Python,Bangalore,2-5,"['Python', 'Flask', 'MongoDB']",11-10-2023
NLB Services,Python Developer,Python,Noida,5-10,"['Python', 'Google Cloud Platform', 'Cloud Services']",13-10-2023
Softnice,Python Developer,Python,Bangalore,2-4,"['Python', 'Django', 'Flask']",11-10-2023
COFORGE,Python Developer,Python,Bangalore,5-8,"['Python', 'Django', 'Google Cloud Platform']",11-10-2023
Collance Technologies,Python Developer,Python,Hyderabad,3-8,"['Python', 'Flask', 'RESTful API']",12-10-2023
Cambay Healthcare LLC,Senior Python Developer,Python,Pune,4-8,"['Python', 'Django', 'Flask']",20-10-2023
Anand Rathi Group,Python Developer,Python,Hyderabad,2-4,"['Python', 'Numpy', 'Pandas']",10-10-2023
Machint Solutions Pvt Ltd,Senior Python Developer,Python,Bangalore,6-9,"['Python', 'Numpy', 'Django']",21-10-2023
Innovatily Pvt. Ltd,Senior Python Developer,Python,Hyderabad,5-7,"['Python', 'Apache Airflow', 'PostgreSQL']",19-10-2023
Talent500,Technical Lead,Python,Hyderabad,2-6,"['Python', 'AWS', 'MySQL']",16-10-2023
M/s Bpk Tech Services India Pvt Ltd,Python Developer,Flask,Bangalore,5-9,"['Python', 'Flask', 'Django']",06-10-2023
XTENTEAM SOLUTIONS LLP,Python Full Stack Developer,Python,Bangalore,3-8,"['Python', 'Full Stack', 'MongoDB']",16-10-2023
Deqode,Python Developer,Python,Hyderabad,4-7,"['Python', 'Django', 'Flask']",04-10-2023
Builder.ai,Senior Software Engineer,Python,Navi Mumbai,4-7,"['Full Stack', 'Solution Design', 'Java']",14-10-2023
Successive Technologies,Python Developer,Python,Bangalore,6-9,"['Python', 'Django', 'RDBMS']",05-10-2023
ClientServer Solutions Pvt. Ltd,Python Developer,Django,Anywhere in India/Multiple Locations,5-7,"['Python', 'Flask', 'PL-SQL']",06-10-2023
ClientServer Solutions Pvt. Ltd,Python Developer,Python,Bangalore,5-8,"['Python', 'Flask', 'REST API']",06-10-2023
Takeleap,Python Test Engineer,Python,Anywhere in India/Multiple Locations,1-3,"['Python', 'Testing', 'Software Quality Assurance']",12-10-2023
SkillRecruits,null,Python,Bangalore,1-3,"['Python', 'Application Designing', 'Applications Implementation']",29-09-2023
Ama,Python Developers,Python,Mumbai,5-10,"['Python', 'Data Structure', 'Algorithm']",03-10-2023
Takeleap,Python Test Engineer,Python,Bangalore,1-1,"['Python', 'Testing', 'Automation Testing']",11-10-2023
Arting Digital,Python Developer,Python,Bangalore,3-6,"['Python', 'Flask']",30-09-2023
Looper Development Sevices,Python Developer,Python,Anywhere in India/Multiple Locations,3-5,"['Python', 'Data Structure', 'Algorithm']",26-10-2023
People Gamut HR Solutions,Python Developer,Python,Pune,2-7,"['Python', 'Django', 'Flask']",29-09-2023
Thryve Digital,Thryve Digital,Python,Hyderabad,4-6,"['Python', 'Solution Implementation']",27-09-2023
Zapbuild Technologies Pvt.Ltd.,Senior Python Developer,Python,Anywhere in India/Multiple Locations,5-10,"['Python', 'Django', 'Flask']",06-10-2023
Vikgol,Python Developer,Python,Others,2-3,"['Python', 'Server Side Component', 'Django']",27-09-2023
Cloud Hire,null,Python,Pune,3-5,"['Python', 'Testing', 'Automation Testing']",03-10-2023
Intellikart Ventures LLP,Senior Python Engineer,Python,Anywhere in India/Multiple Locations,5-20,"['Python', 'Distributed Systems', 'Data Structure']",05-10-2023
Beamstacks,Senior Python/Data Analysis Engineer,Data Management,Bangalore,3-6,"['Python', 'Data Analytics', 'Pandas']",13-10-2023
ClientServer Solutions Pvt. Ltd,Senior Python Developer,Site Reliability,Bangalore,5-7,"['Python', 'Flask', 'Backend Architecture']",05-10-2023
DHANI,Dhani,Backend Architecture,Anywhere in India/Multiple Locations,5-7,"['Python', 'API']",25-09-2023
Hidden Brains Infotech,Senior Python Developer,Machine Learning,Pune,6-12,"['Python', 'Django', 'Flask']",04-10-2023
Cloud Hire,Python Developer,Data Scientist,Pune,5-8,"['Python', 'Flask', 'Django']",25-09-2023
Excelra Knowledge Solutions,Python Developer,Python,Anywhere in India/Multiple Locations,4-6,"['Python', 'Server Side Component', 'SQL']",27-09-2023
Scry AI,Python Developer,Data Management,Bangalore,3-8,"['Python', 'Data Structure', 'Flask']",26-09-2023
ClientServer Solutions Pvt Ltd,Senior Python Lead Developer,Python,Hyderabad,5-8,"['Flask', 'REST API', 'SQL']",04-10-2023
koantek,Python Developer,Django,Bangalore,5-10,"['Python', 'Django', 'Data Structure']",26-09-2023
AALAM INFO SOLUTIONS LLP,Python Developer,Node.js,Bangalore,3-7,"['Python', 'Data Analytics', 'SQL']",25-09-2023
Liquiloans,Lead Python Developer,Big Data,Bangalore,5-10,"['Python', 'Numpy', 'Pandas']",03-10-2023
Rishvaware Technologies Pvt Ltd,null,Data Management,Any Location,4-6,"['Python', 'Node.js', 'Full Stack']",29-09-2023
Arting Digital,Python Developer,Python,Any Location,3-6,"['Django', 'Python', 'AWS Lambda']",23-09-2023
Vrinsoft,Python Developer,Java,Hyderabad,3-7,"['Python', 'Django', 'Flask']",20-09-2023
NEW MEDIA GURU INDIA PVT LTD,Senior Python Developer,Data Pipeline,Navi Mumbai,4-9,"['Python', 'Django', 'Flask']",27-09-2023
CODNEXT IT,Python Lead Developer/Architect,Java,Bangalore,7-11,"['Python', 'Django', 'Flask']",25-09-2023
SeaCross Recruitment Services,Golang/Python Developer,Python,Others,5-15,"['Python', 'Golang', 'Angular 7']",22-09-2023
SutraHR,Python Backend Developer,React.js,Hyderabad,5-10,"['Python', 'WebAPI', 'SQL']",21-09-2023
Zaisho consulting pvt ltd,Python Programmer,Python,Gurgaon/Gurugram,6-9,"['Python', 'API', 'NLP']",19-09-2023
Unified Infotech Pvt. Ltd.,Lead Python Developer,Machine Learning,Mumbai,6-12,"['Python', 'Django', 'AWS']",20-09-2023
Reckonsys Tech Labs,Senior Python/Django Developer,Backend Architecture,Anywhere in India/Multiple Locations,3-5,"['Python', 'Django', 'Flask']",20-09-2023
Nouveau Labs Private Limited,Python/Artificial Intelligence Developer,API,Bangalore,4-8,"['Python', 'Artificial Intelligence', 'Machine Learning']",21-09-2023
Discoveries Quintessential Pvt Ltd,Lead Python Developer,APM Tools,Gurgaon/Gurugram,7-11,"['Python', 'Django', 'Flask']",19-09-2023
Embarckle LLP,Senior Python Developer,Data Analyst,Hyderabad,6-12,"['Python', 'Scrapy', 'Web Scraping']",19-09-2023
Forward Eye Technologies,Python Backend Engineer,Data Pipeline,Mumbai,8-12,"['Python', 'AWS', 'API Gateway']",18-09-2023
Iresh7 consulting,Python Automation Core Network Engineer,Snowflake DB,Pune,5-10,"['Python', 'Network Architecture', 'LTE']",19-09-2023
Xotiv Technologies,Data Engineer,Tibco,Bangalore,3-5,"['Data Management', 'Data Analytics', 'Data Science']",16-11-2023
Amicon Hub,SRE/DevOps Engineer,Full Stack,Anywhere in India/Multiple Locations,5-8,"['Site Reliability', 'DevOps', 'Python']",14-11-2023
Growel Softech Pvt. Ltd.,Backend Developer,Django,Bangalore,4-7,"['Backend Architecture', 'Python', 'Data Structure']",14-11-2023
AGS Health,Machine Learning Manager,Full Stack,Anywhere in India/Multiple Locations,6-10,"['Machine Learning', 'Deep Learning', 'Data Science']",13-11-2023
Coders Brain Technology & Private Limited,Data Scientist,Django,Gurgaon/Gurugram,2-5,"['Data Scientist', 'Data Science', 'Data Management']",11-11-2023
SEANERGY DIGITAL INDIA PVT LTD,Python Developer,Build & Release,Anywhere in India/Multiple Locations,3-6,"['Python', 'Django', 'Flask']",10-11-2023
Unstop,Data Engineer,Python,Bangalore,4-10,"['Data Management', 'Python', 'SQL']",09-11-2023
Talent Scout Management Solution,Data Engineer,Cloud,Bangalore,3-7,"['Python', 'ETL', 'SQL']",09-11-2023
Gloif,Senior Django Developer,ELK Stack,Anywhere in India/Multiple Locations,6-8,"['Django', 'Python']",09-11-2023
Squareboat solutiosn pvt ltd,Backend Lead,Full Stack,Udaipur,7-11,"['Node.js', 'Python']",09-11-2023
ATIT Proficient,Data Engineer,Python,Noida,3-5,"['Big Data', 'Data Pipeline', 'Java']",08-11-2023
connect io,Data Engineer,Java,Bangalore,4-7,"['Data Management', 'Python', 'SQL']",07-11-2023
Wits Innovation Lab,Backend Developer,Python,Chennai,3-5,"['Python', 'Java', 'Spring Boot']",07-11-2023
Confidential,Data Scientist,Machine Learning,Bangalore,1-3,[],16-11-2023
Meraki training solutions,DevOps Engineer,Data Science,Gurgaon/Gurugram,4-8,"['Java', 'Python', 'C++']",16-11-2023
Confidential,Data Scientist,Python,Bangalore,4-8,[],16-11-2023
USET Consulting Private Limited,Data Engineer,Python,Mumbai,5-15,"['Data Pipeline', 'Data Infrastructure', 'SQL']",06-11-2023
Syngymaxim solutions,Senior Application Engineer,Python,Anywhere in India/Multiple Locations,10-12,"['Java', 'Python', 'Node.js']",15-11-2023
Growel Softech Pvt. Ltd.,Full Stack Developer,Python,Any Location,4-7,"['Python', 'React.js', 'Javascript']",14-11-2023
Intellectyx Data Science Pvt Ltd,Senior Full Stack Developer,Python,Gurgaon/Gurugram,5-12,"['React.js', 'Full Stack', 'Python']",14-11-2023
ATIT Proficient,AWS Data Engineer,Python,Bangalore,3-5,"['Python', 'SQL', 'Azure Databricks']",14-11-2023
Splash Business Intelligence Private Limited,Machine Learning Engineer,Angular 5,Anywhere in India/Multiple Locations,3-7,"['Machine Learning', 'R-CNN', 'NLP']",14-11-2023
Flexiple,Backend Engineer,Data Analyst,Bangalore,3-6,"['Backend Architecture', 'Python', 'Node.js']",04-11-2023
Entri.app,Backend Developer,Hadoop,Dubai,1-3,"['API', 'Python', 'Django']",10-11-2023
Vhunt4U,APM Engineer/Lead,Data Science,Bangalore,5-8,"['APM Tools', 'APM', 'DynaTrace']",10-11-2023
Futurestep Recruitment Services Private Limited,Pricing Analyst,Java,Pune,2-6,"['Data Analyst', 'Data Analytics', 'SAS']",10-11-2023
The Media Ant,Data Engineer,Google Cloud Platform,Bangalore,2-3,"['Data Pipeline', 'Data Infrastructure', 'ETL']",01-11-2023
Qualitree,Data Engineer,Python,Bangalore,3-10,"['Snowflake DB', 'Matillion', 'AWS']",10-11-2023
Kiash solutions,Tibco Spotfire Developer,Machine Learning,Bangalore,5-15,"['Tibco', 'Python', 'R']",09-11-2023
IDFY,Senior Full Stack Engineer,Python,Bangalore,3-6,"['Full Stack', 'MERN Stack', 'Python']",09-11-2023
RubyPy,Django Developer,Azure,Bangalore,2-5,"['Django', 'Flask', 'Python']",31-10-2023
Discoveries Quintessential Pvt Ltd,Full Stack Engineer,Data Science,Chennai,3-5,"['Full Stack', 'Python', 'Javascript']",08-11-2023
SAMTA INFOTECH PRIVATE LIMITED,Senior Developer,Full Stack,Metros,4-6,"['Django', 'Python', 'Java 8']",31-10-2023
ATIT Proficient,Build & Release Manager,Data Pipeline,Bangalore,3-6,"['Build & Release', 'Python', 'Shell Scripting']",08-11-2023
advitha tech solutions,Lead Platform Engineer,Artificial Intelligence,Bangalore,7-8,"['Python', 'Kubernetes', 'Terraform']",07-11-2023
IT software,Cloud Data Architect,Python,Chennai,10-20,"['Cloud', 'Data Architect', 'Cloud Computing']",07-11-2023
Cloud Hire,ELK Developer,Data Management,MP,4-6,"['ELK Stack', 'MongoDB', 'Python']",30-10-2023
Freestone Infotech Pvt LTD,Full Stack Developer,AWS,Chennai,7-9,"['Full Stack', 'Java', 'Python']",07-11-2023
KEPIO ENGINEERING SERVICES PVT LTD,AWS Backend Developer,Java,Anywhere in India/Multiple Locations,4-12,"['Python', 'Java', 'Microservices Architecture']",07-11-2023
SAMTA INFOTECH PRIVATE LIMITED,Senior Backend Developer,Python,Bangalore,4-8,"['Java', 'J2EE', 'Spring']",07-11-2023
advitha tech solutions,Senior Software Engineer,Java,Bangalore,5-6,"['Python', 'Django', 'REST API']",07-11-2023
Tiger Analytics,Machine Learning/MLOps Engineer,Data Pipeline,Gurgaon/Gurugram,3-7,"['Machine Learning', 'MLOps', 'Python']",06-11-2023
iAastha technologies,Computer Vision Engineer,Machine Learning,Bangalore,3-6,[],05-11-2023
INXITE-OUT PRIVATE LIMITED,Data Scientist,Python,Gurgaon/Gurugram,2-5,"['Data Science', 'Data Scientist', 'R']",06-11-2023
Sciative Solutions,Software Developer,Full Stack,Bangalore,1-3,"['Python', 'MySQL', 'Django']",28-10-2023
Confidential,Artificial Intelligence/Deep Learning Architect,AWS,Bangalore,5-15,[],16-11-2023
Versor Investments,Data Engineer,Business Intelligence,Mumbai,1-2,"['Python', 'SQL', 'Data Warehousing']",06-11-2023
Oodles Technologies Pvt Ltd,Odoo Developer,Azure Databricks,Any Location,1-2,"['Python', 'Odoo']",06-11-2023
Captum IT,Software Engineer,Azure,Bangalore,5-10,"['Python', '.Net', 'Java']",27-10-2023
Software Development Company,Software Development Engineer,Full Stack,Hyderabad,2-5,"['Python', 'Node.js']",04-11-2023
CareBazar,Senior Software Engineer,Node.js,Bangalore,4-8,"['Python', 'Django', 'Flask']",04-11-2023
i3systems Pvt Ltd,Full Stack Developer,Data Science,Bangalore,3-5,"['Angular 5', 'Python', 'Javascript']",04-11-2023
Hitya Global,Data Analyst,Data Pipeline,Bangalore,2-3,"['Data Analyst', 'Product Analyst', 'Python']",26-10-2023
Ratna Global Tech,Hadoop Developer,Snowflake DB,Bangalore,4-12,"['Hadoop', 'Spark', 'Hive']",03-11-2023
Dreamy Jobs,Data Scientist,AWS,Ahmedabad,4-8,"['Data Science', 'Data Scientist', 'Machine Learning']",03-11-2023
Talent500,Software Backend Engineer III,Python,Faridabad,6-9,"['Java', 'Python', 'Microservices Architecture']",03-11-2023
Sourceone Staffing & Consulting Pvt Ltd,Senior Data Engineer,Python,Anywhere in India/Multiple Locations,5-7,"['Google Cloud Platform', 'Python', 'SQL']",03-11-2023
TIFIN,Tech Lead,Python,Gurgaon/Gurugram,10-15,"['Python', 'Django', 'Node.js']",02-11-2023
Thinkdeeply Solutions Pvt Ltd,Machine Learning Engineer,Big Data,Others,5-10,"['Machine Learning', 'Deep Learning', 'R']",01-11-2023
Infinite Group,Senior Backend Developer,Data Management,Gurgaon/Gurugram,3-6,"['Python', 'Django', 'Backend Architecture']",01-11-2023
HI Tel Solutions,Azure Data Engineer,Full Stack,Hyderabad,10-15,"['Azure', 'SQL', 'Python']",01-11-2023
Eduonix Learning Solutions Pvt Ltd,Data Science Instructor,Data Analytics,Anywhere in India/Multiple Locations,2-8,"['Data Science', 'Technical Training', 'R']",01-11-2023
Blue Hex Software Pvt. Ltd.,Full Stack Developer,Big Data,Hyderabad,5-8,"['Full Stack', 'Python', 'Javascript']",11-11-2023
Starkflow,Data Engineering Lead/Manager,Data Science,Gurgaon/Gurugram,9-12,"['Data Pipeline', 'Python', 'Pandas']",01-11-2023
